{"cameraMode":{"drawMode":0,"name":"Shaded","section":"Shading Mode"},"sceneLighting":true,"audioPlay":false,"sceneViewState":{"m_AlwaysRefresh":false,"showFog":true,"showSkybox":true,"showFlares":true,"showImageEffects":true,"showParticleSystems":true,"showVisualEffectGraphs":true,"m_FxEnabled":true},"in2DMode":false,"pivot":{"x":-62.585906982421878,"y":7.059660911560059,"z":39.645103454589847},"rotation":{"x":-0.09260892868041992,"y":0.47500941157341006,"z":-0.050356559455394748,"w":-0.8736550807952881},"size":64.7532730102539,"orthographic":false}