{"cameraMode":{"drawMode":0,"name":"Shaded","section":"Shading Mode"},"sceneLighting":true,"audioPlay":false,"sceneViewState":{"m_AlwaysRefresh":false,"showFog":true,"showSkybox":true,"showFlares":true,"showImageEffects":true,"showParticleSystems":true,"showVisualEffectGraphs":true,"m_FxEnabled":true},"in2DMode":false,"pivot":{"x":15.568090438842774,"y":3.54580020904541,"z":-4.964405059814453},"rotation":{"x":-0.002656863769516349,"y":0.7337282299995422,"z":-0.002868065144866705,"w":-0.6794371604919434},"size":26.434404373168947,"orthographic":false}